"address","city","state"
"2238 DEXTER AVE","Ann Arbor","MI"
"CR14-0038","Ann Arbor","MI"
"715 N MAPLE RD","Ann Arbor","MI"
"2236 DEXTER AV","Ann Arbor","MI"
"2489 LAURELWOOD CIR","Ann Arbor","MI"
"1549 PINE VALLEY BLV","Ann Arbor","MI"
"630 N MAIN ST","Ann Arbor","MI"
"2735 SEQUOIA PKY","Ann Arbor","MI"
"555 E WILLIAM ST 20G","Ann Arbor","MI"
"339 SAshley St","Ann Arbor","MI"
"2190 ANN ARBOR-SALINE RD","Ann Arbor","MI"
"555 E WILLIAM ST 13H","Ann Arbor","MI"
"737 N MAPLE RD","Ann Arbor","MI"
"275 HARBOR WAY","Ann Arbor","MI"
"1531 PACKARD ST 2","Ann Arbor","MI"
"311 E MADISON ST","Ann Arbor","MI"
"2242 DEXTER AVE","Ann Arbor","MI"
"2219 Shadowood Dr","Ann Arbor","MI"
"555 E WILLIAM ST 13F","Ann Arbor","MI"
"1102 MAIDEN LANE CT","Ann Arbor","MI"
"555 E WILLIAM ST 2A","Ann Arbor","MI"
"507 N FIFTH AV","Ann Arbor","MI"
"611 HOWLEY CT","Ann Arbor","MI"
"1050 WALL ST 5C","Ann Arbor","MI"
"3030 FERNWOOD AV","Ann Arbor","MI"
"202 W WILLIAM ST","Ann Arbor","MI"
"322 S DIVISION ST","Ann Arbor","MI"
"2674 S MAIN ST","Ann Arbor","MI"
"2745 WINDWOOD DR","Ann Arbor","MI"
"2269 SHADOWWOOD DR","Ann Arbor","MI"
"1855 FRANKLIN CT N","Ann Arbor","MI"
"808 MONROE ST","Ann Arbor","MI"
"2240 DEXTER AVE","Ann Arbor","MI"
"1106 MAIDEN LANE CT","Ann Arbor","MI"
"2268 Shadowood Dr","Ann Arbor","MI"
"1831 LAKE LILA DR","Ann Arbor","MI"
"2311 LANCASHIRE DR","Ann Arbor","MI"
"3055 WHISPERWOOD DR","Ann Arbor","MI"
"1859 SHIRLEY LN","Ann Arbor","MI"
"2931 EWhittier Ct","Ann Arbor","MI"
"555 E WILLIAM ST 16A","Ann Arbor","MI"
"820 S MAPLE RD","Ann Arbor","MI"
"2225 SHADOWWOOD DR","Ann Arbor","MI"
"3010 FERNWOOD AVE","Ann Arbor","MI"
"1721 BROADVIEW LN","Ann Arbor","MI"
"163 EDENWOOD DR","Ann Arbor","MI"
"549 LONG SHORE DR A","Ann Arbor","MI"
"2492 LAURELWOOD CIR","Ann Arbor","MI"
"555 E WILLIAM ST 3A","Ann Arbor","MI"
"555 E WILLIAM ST 12D","Ann Arbor","MI"
"2393 JONATHAN CT","Ann Arbor","MI"
"3387 WILLIAMSBURG DR","Ann Arbor","MI"
"339 THIRD ST","Ann Arbor","MI"
"555 E WILLIAM ST 18B","Ann Arbor","MI"
"1731 BROADVIEW LN","Ann Arbor","MI"
"316 N STATE ST","Ann Arbor","MI"
"CR11-0181","Ann Arbor","MI"
"2725 BURTON RD","Ann Arbor","MI"
"555 E WILLIAM ST 22L","Ann Arbor","MI"
"323 N MAIN ST","Ann Arbor","MI"
"555 E WILLIAM ST 9G","Ann Arbor","MI"
"3024 WOLVERINE DR","Ann Arbor","MI"
"1421 NATALIE LN","Ann Arbor","MI"
"1825 PAULINE BLVD","Ann Arbor","MI"
"3031 N SPURWAY DR","Ann Arbor","MI"
"2357 SANDALWOOD CIR","Ann Arbor","MI"
"408 WSummit St","Ann Arbor","MI"
"2248 DEXTER AV","Ann Arbor","MI"
"2004 MANCHESTER RD","Ann Arbor","MI"
"401 WAYMARKET DR","Ann Arbor","MI"
"2393 SANDALWOOD CIR","Ann Arbor","MI"
"2344 LESLIE CIR","Ann Arbor","MI"
"2310 Shadowood Dr","Ann Arbor","MI"
"3705 GREEN BRIER BLVD","Ann Arbor","MI"
"555 E WILLIAM ST 19D","Ann Arbor","MI"
"3049 VALENCIA CIR","Ann Arbor","MI"
"2966 HUNLEY DR","Ann Arbor","MI"
"2180 ST FRANCIS DR","Ann Arbor","MI"
"120 LAKE VILLAGE DR","Ann Arbor","MI"
"2499 SANDALWOOD CIR","Ann Arbor","MI"
"3611 GREEN BRIER BLV","Ann Arbor","MI"
"3127 LAKEHAVEN DR","Ann Arbor","MI"
"106 N FOURTH AV","Ann Arbor","MI"
"1049 ISLAND DRIVE CT","Ann Arbor","MI"
"402 S FIFTH AV","Ann Arbor","MI"
"1813 WILLOWTREE LN","Ann Arbor","MI"
"555 E WILLIAM ST 25G","Ann Arbor","MI"
"555 E WILLIAM ST 22G","Ann Arbor","MI"
"555 E WILLIAM ST 14J","Ann Arbor","MI"
"443 S DIVISION ST","Ann Arbor","MI"
"2335 SANDALWOOD CIR","Ann Arbor","MI"
"439 SAshley St","Ann Arbor","MI"
"880 S MAPLE RD","Ann Arbor","MI"
"2250 DEXTER AV","Ann Arbor","MI"
"500 E WASHINGTON ST","Ann Arbor","MI"
"555 E WILLIAM ST 2F","Ann Arbor","MI"
"1321 NATALIE LN","Ann Arbor","MI"
"709 N MAPLE RD","Ann Arbor","MI"
"3170 Williamsburg Dr","Ann Arbor","MI"
"1415 WStadium Blvd","Ann Arbor","MI"
"2004 MEDFORD RD","Ann Arbor","MI"
"2765 WINDWOOD DR","Ann Arbor","MI"
"217 N FIFTH AV","Ann Arbor","MI"
"721 N MAPLE RD","Ann Arbor","MI"
"CR14-0049","Ann Arbor","MI"
"555 E WILLIAM ST 3I","Ann Arbor","MI"
"645 WAYMARKET DR","Ann Arbor","MI"
"431 S FIRST ST","Ann Arbor","MI"
"2980 CASCADE DR","Ann Arbor","MI"
"3065 WHISPERWOOD DR","Ann Arbor","MI"
"555 E WILLIAM ST 26J","Ann Arbor","MI"
"1502 JONES DR","Ann Arbor","MI"
"225 SUNSET RD","Ann Arbor","MI"
"549 S FIFTH AV","Ann Arbor","MI"
"917 PACKARD ST","Ann Arbor","MI"
"214 SMain St","Ann Arbor","MI"
"2339 SHADOWOOD DR","Ann Arbor","MI"
"2384 LESLIE CIR","Ann Arbor","MI"
"555 E WILLIAM ST 16B","Ann Arbor","MI"
"1855 SHIRLEY LN","Ann Arbor","MI"
"2236 FULLER CT","Ann Arbor","MI"
"702 NFifth Ave","Ann Arbor","MI"
"712 N MAIN ST","Ann Arbor","MI"
"3135 S STATE ST","Ann Arbor","MI"
"555 E WILLIAM ST 17J","Ann Arbor","MI"
"3164 Williamsburg Dr","Ann Arbor","MI"
"224 SUNSET RD","Ann Arbor","MI"
"555 E WILLIAM ST 15K","Ann Arbor","MI"
"419 S FIFTH AV","Ann Arbor","MI"
"555 E WILLIAM ST 13E","Ann Arbor","MI"
"1021 ISLAND DRIVE CT","Ann Arbor","MI"
"635 S FIRST ST","Ann Arbor","MI"
"3025 WHISPERWOOD DR","Ann Arbor","MI"
"6 PARK VIEW PL","Ann Arbor","MI"
"1500 PAULINE BLVD A","Ann Arbor","MI"
"CR19-0124","Ann Arbor","MI"
"3000 WASHTENAW AVE","Ann Arbor","MI"
"2738 HIKONE RD","Ann Arbor","MI"
"2345 LESLIE CIR","Ann Arbor","MI"
"555 E WILLIAM ST 11F","Ann Arbor","MI"
"931 E ANN ST","Ann Arbor","MI"
"3010 WHISPERWOOD DR","Ann Arbor","MI"
"1930 W LIBERTY ST","Ann Arbor","MI"
"3069 Williamsburg Dr","Ann Arbor","MI"
"3011 Williamsburg Dr","Ann Arbor","MI"
"555 E WILLIAM ST 5I","Ann Arbor","MI"
"2467 SANDALWOOD CIR","Ann Arbor","MI"
"3338 WILLIAMSBURG DR","Ann Arbor","MI"
"612 CHURCH ST","Ann Arbor","MI"
"234 CHAPIN ST","Ann Arbor","MI"
"1421 WLiberty St","Ann Arbor","MI"
"555 E WILLIAM ST 4C","Ann Arbor","MI"
"3060 WHISPERWOOD DR","Ann Arbor","MI"
"555 E WILLIAM ST 8B","Ann Arbor","MI"
"3045 WHISPERWOOD DR","Ann Arbor","MI"
"555 E WILLIAM ST 20J","Ann Arbor","MI"
"3009 Williamsburg Dr","Ann Arbor","MI"
"525 LONG SHORE DR B","Ann Arbor","MI"
"2274 SHADOWOOD DR","Ann Arbor","MI"
"2755 WINDWOOD DR","Ann Arbor","MI"
"1516 PINE VALLEY BLV","Ann Arbor","MI"
"213 N SEVENTH ST","Ann Arbor","MI"
"942 N MAIN ST","Ann Arbor","MI"
"2263 Shadowood Dr","Ann Arbor","MI"
"1307 WASHTENAW AVE","Ann Arbor","MI"
"425 S FIFTH AVE","Ann Arbor","MI"
"2365 LESLIE CIR","Ann Arbor","MI"
"2295 SHADOWOOD DR","Ann Arbor","MI"
"915 MAIDEN LN","Ann Arbor","MI"
"1265 JEWETT AV","Ann Arbor","MI"
"3030 WHISPERWOOD DR","Ann Arbor","MI"
"305 EAnn St","Ann Arbor","MI"
"555 E WILLIAM ST 19C","Ann Arbor","MI"
"220 LYNDEN GLEN DR","Ann Arbor","MI"
"1257 N MAIN ST","Ann Arbor","MI"
"555 E WILLIAM ST 23H","Ann Arbor","MI"
"533 539 Long Shore Dr","Ann Arbor","MI"
"545 LONG SHORE DR A","Ann Arbor","MI"
"300 WINDY CREST DR","Ann Arbor","MI"
"735 N MAPLE RD","Ann Arbor","MI"
"2344 Shadowood Dr","Ann Arbor","MI"
"311 E LIBERTY ST","Ann Arbor","MI"
"2964 HUNLEY DR","Ann Arbor","MI"
"208 W HURON ST","Ann Arbor","MI"
"555 E WILLIAM ST 19H","Ann Arbor","MI"
"1318 WILMOT ST","Ann Arbor","MI"
"3003 SEQUOIA PKY","Ann Arbor","MI"
"2249 Shadowood Dr","Ann Arbor","MI"
"1000 W HURON ST A","Ann Arbor","MI"
"2401 SANDALWOOD CIR","Ann Arbor","MI"
"555 E WILLIAM ST 9C","Ann Arbor","MI"
"3083 PLATT RD","Ann Arbor","MI"
"555 E WILLIAM ST 5D","Ann Arbor","MI"
"2395 Jonathan Ct","Ann Arbor","MI"
"2321 SHADOWOOD DR","Ann Arbor","MI"
"2015 MEDFORD RD","Ann Arbor","MI"
"2750 HIKONE RD","Ann Arbor","MI"
"1620 CAMBRIDGE RD","Ann Arbor","MI"
"150 LAKE VILLAGE DR","Ann Arbor","MI"
"555 E WILLIAM ST 16F","Ann Arbor","MI"
"3805 GREEN BRIER BLVD","Ann Arbor","MI"
"555 E WILLIAM ST 14G","Ann Arbor","MI"
"614 SFirst St","Ann Arbor","MI"
"212 E WASHINGTON ST 1","Ann Arbor","MI"
"378 WAY MARKET DR","Ann Arbor","MI"
"275 LAKE VILLAGE DR","Ann Arbor","MI"
"3059 Williamsburg Dr","Ann Arbor","MI"
"408 N FIRST ST","Ann Arbor","MI"
"3675 GREEN BRIER BLVD","Ann Arbor","MI"
"2473 SANDALWOOD CIR","Ann Arbor","MI"
"2481 SANDALWOOD CIR","Ann Arbor","MI"
"555 E WILLIAM ST 11G","Ann Arbor","MI"
"2403 PACKARD ST 35D","Ann Arbor","MI"
"555 E WILLIAM ST 3G","Ann Arbor","MI"
"2495 SANDALWOOD CIR","Ann Arbor","MI"
"840 S MAPLE RD","Ann Arbor","MI"
"2795 WINDWOOD DR","Ann Arbor","MI"
"555 E WILLIAM ST 17B","Ann Arbor","MI"
"490 VILLAGE OAKS CT","Ann Arbor","MI"
"1348 WILMOT CT","Ann Arbor","MI"
"133 HARBOR WAY","Ann Arbor","MI"
"2449 SANDALWOOD CIR","Ann Arbor","MI"
"442 S FOURTH AV","Ann Arbor","MI"
"322 E LIBERTY ST 5","Ann Arbor","MI"
"555 E WILLIAM ST 6H","Ann Arbor","MI"
"1521 S STATE ST","Ann Arbor","MI"
"626 N MAIN ST","Ann Arbor","MI"
"1115 NORMAN PL","Ann Arbor","MI"
"2715 WINDWOOD DR","Ann Arbor","MI"
"320 E LIBERTY ST","Ann Arbor","MI"
"2640 ADRIENNE DR","Ann Arbor","MI"
"733 N MAPLE RD","Ann Arbor","MI"
"555 E WILLIAM ST 25B","Ann Arbor","MI"
"1815 FRANKLIN CT N","Ann Arbor","MI"
"309 PACKARD ST","Ann Arbor","MI"
"555 E WILLIAM ST 2H","Ann Arbor","MI"
"555 E WILLIAM ST 6G","Ann Arbor","MI"
"645 HIDDEN VALLEY CLUB DR","Ann Arbor","MI"
"120 E LIBERTY ST","Ann Arbor","MI"
"3053 LAKEHAVEN CT","Ann Arbor","MI"
"1713 GREEN RD","Ann Arbor","MI"
"725 N MAPLE RD","Ann Arbor","MI"
"1116 1118 Woodlawn Ave","Ann Arbor","MI"
"729 N MAPLE RD","Ann Arbor","MI"
"2300 LESLIE CIR","Ann Arbor","MI"
"2767 PLYMOUTH RD","Ann Arbor","MI"
"718 N MAIN ST","Ann Arbor","MI"
"2008 TRAVER RD","Ann Arbor","MI"
"2450 Laurelwood Cir","Ann Arbor","MI"
"1538 PINE VALLEY BLV","Ann Arbor","MI"
"2705 WINDWOOD DR","Ann Arbor","MI"
"1106 NORMAN PL","Ann Arbor","MI"
"2245 Shadowood Dr","Ann Arbor","MI"
"207 SAshley St","Ann Arbor","MI"
"3455 PLATT RD","Ann Arbor","MI"
"555 E WILLIAM ST 12J","Ann Arbor","MI"
"1114 MAIDEN LANE CT","Ann Arbor","MI"
"1050 WALL ST 1E","Ann Arbor","MI"
"3845 GREEN BRIER BLVD","Ann Arbor","MI"
"2962 HUNLEY DR","Ann Arbor","MI"
"2265 Shadowood Dr","Ann Arbor","MI"
"555 E WILLIAM ST 5F","Ann Arbor","MI"
"555 E WILLIAM ST 8G","Ann Arbor","MI"
"555 E WILLIAM ST 17C","Ann Arbor","MI"
"CR072625","Ann Arbor","MI"
"555 E WILLIAM ST 5H","Ann Arbor","MI"
"2409 PACKARD ST 50E","Ann Arbor","MI"
"2884 EEisenhower Pkwy","Ann Arbor","MI"
"555 E WILLIAM ST 5L","Ann Arbor","MI"
"2269 Hardyke Ct","Ann Arbor","MI"
"3078 WILLIAMSBURG DR","Ann Arbor","MI"
"507 MACK RD","Ann Arbor","MI"
"1863 LAKE LILA DR","Ann Arbor","MI"
"510 MACK RD","Ann Arbor","MI"
"2364 LESLIE CIR","Ann Arbor","MI"
"2270 Shadowood Dr","Ann Arbor","MI"
"555 E WILLIAM ST 24H","Ann Arbor","MI"
"2800 WINDWOOD DR","Ann Arbor","MI"
"3144 CHERRY TREE LA","Ann Arbor","MI"
"707 N MAPLE RD","Ann Arbor","MI"
"1400 SAUNDERS CRS","Ann Arbor","MI"
"517 S FIRST ST","Ann Arbor","MI"
"3017 LAKEHAVEN CT","Ann Arbor","MI"
"518 OSWEGO ST","Ann Arbor","MI"
"223 HARBOR WAY","Ann Arbor","MI"
"241 S SEVENTH ST","Ann Arbor","MI"
"420 KELLOGG ST","Ann Arbor","MI"
"2010 WASHTENAW AV","Ann Arbor","MI"
"727 N MAPLE RD","Ann Arbor","MI"
"605 HIDDEN VALLEY CLUB DR","Ann Arbor","MI"
"629 S FOREST AVE","Ann Arbor","MI"
"555 E WILLIAM ST 23G","Ann Arbor","MI"
"1114 FOUNTAIN ST","Ann Arbor","MI"
"CR4831","Ann Arbor","MI"
"1518 PINE VALLEY BLV","Ann Arbor","MI"
"1029 1031 Wellington Ct","Ann Arbor","MI"
"1910 W LIBERTY ST","Ann Arbor","MI"
"555 E WILLIAM ST 9H","Ann Arbor","MI"
"509 LONG SHORE DR A","Ann Arbor","MI"
"522 MONROE ST","Ann Arbor","MI"
"711 N MAPLE RD","Ann Arbor","MI"
"113 EIGHTH ST","Ann Arbor","MI"
"2758 COLLEY LN","Ann Arbor","MI"
"169 HARBOR WAY","Ann Arbor","MI"
"1128 MILLER AVE 2","Ann Arbor","MI"
"2335 LANCASHIRE DR","Ann Arbor","MI"
"555 E WILLIAM ST 15A","Ann Arbor","MI"
"3277 PLATT RD","Ann Arbor","MI"
"427 S SEVENTH ST","Ann Arbor","MI"
"1635 LEAIRD DR","Ann Arbor","MI"
"1875 LAKE LILA DR","Ann Arbor","MI"
"2454 Laurelwood Cir","Ann Arbor","MI"
"1424 CREAL CRES","Ann Arbor","MI"
"425 S SEVENTH ST","Ann Arbor","MI"
"2825 BEACON HILL ST","Ann Arbor","MI"
"1851 LAKE LILA DR","Ann Arbor","MI"
"3026 WOLVERINE DR","Ann Arbor","MI"
"3457 PLATT RD","Ann Arbor","MI"
"2019 MEDFORD RD","Ann Arbor","MI"
"2347 Shadowood Dr","Ann Arbor","MI"
"3031 WILLIAMSBURG DR","Ann Arbor","MI"
"3735 GREEN BRIER BLVD","Ann Arbor","MI"
"3070 WHISPERWOOD DR","Ann Arbor","MI"
"617 S FOREST AV","Ann Arbor","MI"
"117 WWashington St","Ann Arbor","MI"
"2035 MEDFORD RD","Ann Arbor","MI"
"920 GREENE ST","Ann Arbor","MI"
"2300 ST FRANCIS DR","Ann Arbor","MI"
"824 GREENE ST","Ann Arbor","MI"
"2317 SANDALWOOD CIR","Ann Arbor","MI"
"555 E WILLIAM ST 26F","Ann Arbor","MI"
"605 HOWLEY CT","Ann Arbor","MI"
"2750 WINDWOOD DR","Ann Arbor","MI"
"3291 TURNBERRY LA","Ann Arbor","MI"
"2801 PONTIAC TRL","Ann Arbor","MI"
"549 LONG SHORE DR B","Ann Arbor","MI"
"555 E WILLIAM ST 15I","Ann Arbor","MI"
"140 LYNDEN GLEN DR","Ann Arbor","MI"
"2810 WINDWOOD DR","Ann Arbor","MI"
"1532 PINE VALLEY BLV","Ann Arbor","MI"
"404 SFirst St","Ann Arbor","MI"
"555 E WILLIAM ST 3L","Ann Arbor","MI"
"511 BENJAMIN ST 2","Ann Arbor","MI"
"303 SDivision St","Ann Arbor","MI"
"654 WAY MARKET DR","Ann Arbor","MI"
"25 RESEARCH DR","Ann Arbor","MI"
"1950 W LIBERTY ST","Ann Arbor","MI"
"3200 Nixon Road","Ann Arbor","MI"
"601 WAYMARKET DR","Ann Arbor","MI"
"2013 S HURON PKY","Ann Arbor","MI"
"2726 HIKONE RD","Ann Arbor","MI"
"2287 Shadowood Dr","Ann Arbor","MI"
"2809 RATHMORE LN","Ann Arbor","MI"
"1548 JONES DR","Ann Arbor","MI"
"2234 DEXTER AV","Ann Arbor","MI"
"1524 PINE VALLEY BLV","Ann Arbor","MI"
"555 E WILLIAM ST 11H","Ann Arbor","MI"
"1515 PINE VALLEY BLV","Ann Arbor","MI"
"555 E WILLIAM ST 22E","Ann Arbor","MI"
"632 WSummit St","Ann Arbor","MI"
"555 E WILLIAM ST 23D","Ann Arbor","MI"
"540 N MAPLE RD","Ann Arbor","MI"
"815 S STATE ST","Ann Arbor","MI"
"112 COLLINGWOOD DR","Ann Arbor","MI"
"1816 STADIUM PL","Ann Arbor","MI"
"409 E MADISON ST","Ann Arbor","MI"
"215 LAKE VILLAGE DR","Ann Arbor","MI"
"618 WLiberty St","Ann Arbor","MI"
"CR12-0047","Ann Arbor","MI"
"538 WAY MARKET DR","Ann Arbor","MI"
"966 NEWPORT RD","Ann Arbor","MI"
"1809 WILLOWTREE LN","Ann Arbor","MI"
"2980 PACKARD RD","Ann Arbor","MI"
"2407 SANDALWOOD CIR","Ann Arbor","MI"
"555 E WILLIAM ST 14B","Ann Arbor","MI"
"1693 BROADWAY ST","Ann Arbor","MI"
"1835 SHIRLEY LN","Ann Arbor","MI"
"555 E WILLIAM ST 7H","Ann Arbor","MI"
"3060 WASHTENAW AVE","Ann Arbor","MI"
"415 S FIFTH AVE","Ann Arbor","MI"
"260 HARBOR WAY","Ann Arbor","MI"
"1512 LONG SHORE DR","Ann Arbor","MI"
"637 S MAIN ST","Ann Arbor","MI"
"2044 PAULINE BLV","Ann Arbor","MI"
"115 W LIBERTY ST 3","Ann Arbor","MI"
"2305 SANDALWOOD CIR","Ann Arbor","MI"
"1318 WRIGHT ST","Ann Arbor","MI"
"1522 PINE VALLEY BLV","Ann Arbor","MI"
"1960 W LIBERTY ST","Ann Arbor","MI"
"1700 GREENVIEW DR","Ann Arbor","MI"
"2005 MEDFORD RD","Ann Arbor","MI"
"350 S FIFTH AV","Ann Arbor","MI"
"431 S SEVENTH ST","Ann Arbor","MI"
"211 S FOURTH AV","Ann Arbor","MI"
"555 E WILLIAM ST 26A","Ann Arbor","MI"
"3038 WILLIAMSBURG DR","Ann Arbor","MI"
"3076 WILLIAMSBURG DR","Ann Arbor","MI"
"411 LONG SHORE DR","Ann Arbor","MI"
"1630 NMaple Road","Ann Arbor","MI"
"336 S STATE ST","Ann Arbor","MI"
"2714 HIKONE RD","Ann Arbor","MI"
"511 N FIFTH AV","Ann Arbor","MI"
"2349 SANDALWOOD CIR","Ann Arbor","MI"
"555 E WILLIAM ST 18L","Ann Arbor","MI"
"3612 PARTRIDGE PATH","Ann Arbor","MI"
"524 WLiberty St","Ann Arbor","MI"
"1012 Marra","Ann Arbor","MI"
"201 HARBOR WAY","Ann Arbor","MI"
"555 E WILLIAM ST 14I","Ann Arbor","MI"
"801 E HURON ST","Ann Arbor","MI"
"808 WWashington St","Ann Arbor","MI"
"2428 SHADOWWOOD DR","Ann Arbor","MI"
"2411 PACKARD ST 53E","Ann Arbor","MI"
"936 WALL ST 4","Ann Arbor","MI"
"3029 CHARING CROSS RD","Ann Arbor","MI"
"2314 Shadowood Dr","Ann Arbor","MI"
"2655 BURTON RD","Ann Arbor","MI"
"545 WAYMARKET DR","Ann Arbor","MI"
"237 HARBOR WAY","Ann Arbor","MI"
"555 E WILLIAM ST 16I","Ann Arbor","MI"
"2303 SANDALWOOD CIR","Ann Arbor","MI"
"3760 GREEN BRIER BLVD","Ann Arbor","MI"
"3562 GREEN BRIER BLV","Ann Arbor","MI"
"406 W LIBERTY ST","Ann Arbor","MI"
"525 SDivision St","Ann Arbor","MI"
"2383 SANDALWOOD CIR","Ann Arbor","MI"
"200 N FOURTH AV","Ann Arbor","MI"
"555 E WILLIAM ST 21H","Ann Arbor","MI"
"555 E WILLIAM ST 19K","Ann Arbor","MI"
"1411 NATALIE LN","Ann Arbor","MI"
"2775 WINDWOOD DR","Ann Arbor","MI"
"1602 ARBORVIEW BLVD","Ann Arbor","MI"
"2005 S HURON PKY","Ann Arbor","MI"
"2725 WINDWOOD DR","Ann Arbor","MI"
"CR13-0240","Ann Arbor","MI"
"1718 CALVIN ST","Ann Arbor","MI"
"2785 WINDWOOD DR","Ann Arbor","MI"
"3985 Stone School Road","Ann Arbor","MI"
"743 N MAPLE RD","Ann Arbor","MI"
"1050 WALL ST 1C","Ann Arbor","MI"
"314 GLENDALE DR","Ann Arbor","MI"
"245 LAKE VILLAGE DR","Ann Arbor","MI"
"617 E UNIVERSITY AVE","Ann Arbor","MI"
"3276 WILLIAMSBURG DR","Ann Arbor","MI"
"533 LONG SHORE DR A","Ann Arbor","MI"
"1101 MAIDEN LANE CT","Ann Arbor","MI"
"1530 PINE VALLEY DR","Ann Arbor","MI"
"1805 WILLOWTREE LN","Ann Arbor","MI"
"2407 PACKARD ST 45E","Ann Arbor","MI"
"2094 PAULINE BLV","Ann Arbor","MI"
"1110 LUTZ AVE","Ann Arbor","MI"
"2954 HUNLEY DR","Ann Arbor","MI"
"2000 PAULINE BLVD","Ann Arbor","MI"
"3139 PROFESSIONAL DR","Ann Arbor","MI"
"1560 PINE VALLEY BLV","Ann Arbor","MI"
"723 N MAPLE RD","Ann Arbor","MI"
"555 E WILLIAM ST 17E","Ann Arbor","MI"
"2247 SHADOWWOOD DR","Ann Arbor","MI"
"1666 BROADWAY ST","Ann Arbor","MI"
"551 S FIFTH AVE","Ann Arbor","MI"
"3035 WHISPERWOOD DR","Ann Arbor","MI"
"630 KUEHNLE AVE 1","Ann Arbor","MI"
"555 E WILLIAM ST 18G","Ann Arbor","MI"
"555 E WILLIAM ST 24G","Ann Arbor","MI"
"201 E ANN ST","Ann Arbor","MI"
"1204 E UNIVERSITY AVE","Ann Arbor","MI"
"1040 ISLAND DR","Ann Arbor","MI"
"2327 SANDALWOOD CIR","Ann Arbor","MI"
"417 MILLER AVE","Ann Arbor","MI"
"2011 S HURON PKY","Ann Arbor","MI"
"1220 W STADIUM BLV","Ann Arbor","MI"
"811 WHuron St","Ann Arbor","MI"
"2417 NCircle Dr","Ann Arbor","MI"
"437 S FIFTH AV","Ann Arbor","MI"
"625 HIDDEN VALLEY CLUB DR","Ann Arbor","MI"
"3453 PLATT RD","Ann Arbor","MI"
"316 NThayer St","Ann Arbor","MI"
"3082 WILLIAMSBURG DR","Ann Arbor","MI"
"3011 3033 Lakehaven Ct","Ann Arbor","MI"
"878 BRIARWOOD CIR","Ann Arbor","MI"
"713 N MAPLE RD","Ann Arbor","MI"
"203 EDENWOOD DR","Ann Arbor","MI"
"2121 MEDFORD RD","Ann Arbor","MI"
"508 WAY MARKET DR","Ann Arbor","MI"
"555 E WILLIAM ST 25L","Ann Arbor","MI"
"1500 PAULINE BLVD B","Ann Arbor","MI"
"804 S STATE ST","Ann Arbor","MI"
"1119 MAIDEN LA","Ann Arbor","MI"
"527 ELiberty St","Ann Arbor","MI"
"555 E WILLIAM ST 11B","Ann Arbor","MI"
"429 S SEVENTH ST","Ann Arbor","MI"
"420 PARKWOOD ST","Ann Arbor","MI"
"2710 WINDWOOD DR","Ann Arbor","MI"
"3615 GREEN BRIER BLV","Ann Arbor","MI"
"576 582 Kellogg St","Ann Arbor","MI"
"2316 SHADOWOOD DR","Ann Arbor","MI"
"1030 PENNSYLVANIA AVE","Ann Arbor","MI"
"420 W JEFFERSON ST","Ann Arbor","MI"
"555 E WILLIAM ST 6K","Ann Arbor","MI"
"2009 S HURON PKY","Ann Arbor","MI"
"2853 BURTON RD","Ann Arbor","MI"
"555 E WILLIAM ST 16C","Ann Arbor","MI"
"521 S MAIN ST","Ann Arbor","MI"
"555 E WILLIAM ST 25F","Ann Arbor","MI"
"1030 ARBORDALE ST","Ann Arbor","MI"
"1474 W LIBERTY ST","Ann Arbor","MI"
"1500 PAULINE BLVD D","Ann Arbor","MI"
"263 LYNDEN GLEN DR","Ann Arbor","MI"
"1721 PAULINE BLVD","Ann Arbor","MI"
"3027 WILLIAMSBURG DR","Ann Arbor","MI"
"555 E WILLIAM ST 6E","Ann Arbor","MI"
"555 E WILLIAM ST 22J","Ann Arbor","MI"
"2020 CRESTLAND DR","Ann Arbor","MI"
"437 SECOND ST","Ann Arbor","MI"
"2392 JONATHAN CT","Ann Arbor","MI"
"1113 S UNIVERSITY AVE","Ann Arbor","MI"
"2341 SANDALWOOD CIR","Ann Arbor","MI"
"3002 WOLVERINE DR","Ann Arbor","MI"
"1711 BROADVIEW LN","Ann Arbor","MI"
"415 S FIFTH AV","Ann Arbor","MI"
"1582 W LIBERTY ST","Ann Arbor","MI"
"3535 GREEN BRIER BLVD","Ann Arbor","MI"
"1207 ROOSEVELT AVE","Ann Arbor","MI"
"1105 NORMAN PL","Ann Arbor","MI"
"555 E WILLIAM ST 3C","Ann Arbor","MI"
"2301 LESLIE CIR","Ann Arbor","MI"
"319 N MAIN ST","Ann Arbor","MI"
"555 E WILLIAM ST 3D","Ann Arbor","MI"
"650 HIDDEN VALLEY CLUB DR","Ann Arbor","MI"
"555 E WILLIAM ST 25A","Ann Arbor","MI"
"543 LONG SHORE DR B","Ann Arbor","MI"
"1108 LUTZ AVE","Ann Arbor","MI"
"555 E WILLIAM ST 15H","Ann Arbor","MI"
"1110 MAIDEN LANE CT","Ann Arbor","MI"
"555 E WILLIAM ST 8K","Ann Arbor","MI"
"724 N MAIN ST","Ann Arbor","MI"
"700 ARBOR ST","Ann Arbor","MI"
"2338 Shadowood Dr","Ann Arbor","MI"
"3025 Williamsburg Dr","Ann Arbor","MI"
"1801 WILLOWTREE LN","Ann Arbor","MI"
"180 LAKE VILLAGE DR","Ann Arbor","MI"
"2401 PACKARD ST 31D","Ann Arbor","MI"
"1925 DEXTER AVE","Ann Arbor","MI"
"1058 ISLAND DR","Ann Arbor","MI"
"703 N MAPLE RD","Ann Arbor","MI"
"514 W JEFFERSON ST","Ann Arbor","MI"
"210 LAKE VILLAGE DR","Ann Arbor","MI"
"600 E WASHINGTON ST","Ann Arbor","MI"
"1920 W LIBERTY ST","Ann Arbor","MI"
"2003 S HURON PKY","Ann Arbor","MI"
"419 NAshley St","Ann Arbor","MI"
"555 E WILLIAM ST 10K","Ann Arbor","MI"
"555 E WILLIAM ST 18D","Ann Arbor","MI"
"1524 SAUNDERS CRS","Ann Arbor","MI"
"2011 MEDFORD RD","Ann Arbor","MI"
"251 S SEVENTH ST","Ann Arbor","MI"
"1500 PAULINE BLVD F","Ann Arbor","MI"
"2031 MEDFORD RD","Ann Arbor","MI"
"2007 S HURON PKY","Ann Arbor","MI"
"433 S FIFTH AV","Ann Arbor","MI"
"2154 S STATE ST","Ann Arbor","MI"
"555 E WILLIAM ST 9E","Ann Arbor","MI"
"555 E WILLIAM ST 17L","Ann Arbor","MI"
"2307 SANDALWOOD CIR","Ann Arbor","MI"
"2001 MEDFORD RD","Ann Arbor","MI"
"690 WAY MARKET DR","Ann Arbor","MI"
"2440 LESLIE CIR","Ann Arbor","MI"
"555 E WILLIAM ST 10L","Ann Arbor","MI"
"2712 BEACON HILL ST","Ann Arbor","MI"
"2343 JONATHAN CT","Ann Arbor","MI"
"3005 WHISPERWOOD DR","Ann Arbor","MI"
"708 N MAIN ST","Ann Arbor","MI"
"860 S MAPLE RD","Ann Arbor","MI"
"1807 INDEPENDENCE BLV 13B","Ann Arbor","MI"
"555 E WILLIAM ST 12C","Ann Arbor","MI"
"2325 JONATHAN CT","Ann Arbor","MI"
"185 LAKE VILLAGE DR 101","Ann Arbor","MI"
"317 NSeventh St","Ann Arbor","MI"
"2727 BEACON HILL ST","Ann Arbor","MI"
"343 S WAGNER RD","Ann Arbor","MI"
"1561 PINE VALLEY BLV","Ann Arbor","MI"
"555 E WILLIAM ST 20E","Ann Arbor","MI"
"2034 PAULINE BLVD","Ann Arbor","MI"
"3512 GREEN BRIER BLV","Ann Arbor","MI"
"501 WAYMARKET DR","Ann Arbor","MI"
"2272 Shadowood Dr","Ann Arbor","MI"
"3148 CHERRY TREE LA","Ann Arbor","MI"
"3067 Williamsburg Dr","Ann Arbor","MI"
"3161 LAKEHAVEN DR","Ann Arbor","MI"
"1422 WLiberty St","Ann Arbor","MI"
"611 E WILLIAM ST","Ann Arbor","MI"
"2014 MEDFORD RD","Ann Arbor","MI"
"2286 Hardyke Ct","Ann Arbor","MI"
"2368 ABBOTT AV","Ann Arbor","MI"
"1320 W STADIUM BLV","Ann Arbor","MI"
"511 LONG SHORE DR B","Ann Arbor","MI"
"2805 WINDWOOD DR","Ann Arbor","MI"
"2027 MEDFORD RD","Ann Arbor","MI"
"2471 LANCASHIRE DR","Ann Arbor","MI"
"2441 LAURELWOOD CIR","Ann Arbor","MI"
"3000 N SPURWAY DR","Ann Arbor","MI"
"851 MT PLEASANT AVE","Ann Arbor","MI"
"3217 PINEBLUFF CT","Ann Arbor","MI"
"1020 ARBORDALE ST","Ann Arbor","MI"
"1028 WELLINGTON CT","Ann Arbor","MI"
"209 N FOURTH AV","Ann Arbor","MI"
"207 N DIVISION ST","Ann Arbor","MI"
"217 EWashington St","Ann Arbor","MI"
"2489 SANDALWOOD CIR","Ann Arbor","MI"
"2214 Shadowood Dr","Ann Arbor","MI"
"701 N MAPLE RD","Ann Arbor","MI"
"711 PACKARD ST","Ann Arbor","MI"
"2341 SHADOWWOOD DR","Ann Arbor","MI"
"2008 PAULINE BLV","Ann Arbor","MI"
"717 N MAPLE RD","Ann Arbor","MI"
"555 E WILLIAM ST 10D","Ann Arbor","MI"
"1107 MAIDEN LANE CT","Ann Arbor","MI"
"2324 LESLIE CIR","Ann Arbor","MI"
"1331 WASHTENAW AVE","Ann Arbor","MI"
"3625 GREEN BRIER BLVD","Ann Arbor","MI"
"3000 WHISPERWOOD DR","Ann Arbor","MI"
"555 E WILLIAM ST 24E","Ann Arbor","MI"
"1525 SAUNDERS CRS","Ann Arbor","MI"
"3505 GREEN BRIAR BLV","Ann Arbor","MI"
"1013 WOODBRIDGE BLVD","Ann Arbor","MI"
"1006 SMain St","Ann Arbor","MI"
"511 S FIRST ST","Ann Arbor","MI"
"904 S MAIN ST","Ann Arbor","MI"
"2227 Shadowood Dr","Ann Arbor","MI"
"3080 WHISPERWOOD DR","Ann Arbor","MI"
"555 E WILLIAM ST 5A","Ann Arbor","MI"
"726 S STATE ST","Ann Arbor","MI"
"522 W STADIUM BLVD","Ann Arbor","MI"
"215 W LIBERTY ST","Ann Arbor","MI"
"120 N FOURTH AV","Ann Arbor","MI"
"3029 LAKEHAVEN CT","Ann Arbor","MI"
"1020 ISLAND DRIVE CT","Ann Arbor","MI"
"555 E WILLIAM ST 17H","Ann Arbor","MI"
"2225 S STATE ST","Ann Arbor","MI"
"1139 MICHIGAN AVE","Ann Arbor","MI"
"2407 Laurelwood Cir","Ann Arbor","MI"
"2317 PACKARD ST B #104","Ann Arbor","MI"
"2340 SHADOWOOD DR","Ann Arbor","MI"
"1113 MAIDEN LANE CT","Ann Arbor","MI"
"3152 CHERRY TREE LA","Ann Arbor","MI"
"219 HARBOR WAY","Ann Arbor","MI"
"600 WAY MARKET DR","Ann Arbor","MI"
"939 DEWEY AVE","Ann Arbor","MI"
"2474 Laurelwood Cir","Ann Arbor","MI"
"470 WAY MARKET DR","Ann Arbor","MI"
"2651 BURTON RD","Ann Arbor","MI"
"2837 BURTON RD","Ann Arbor","MI"
"2581 BURTON RD","Ann Arbor","MI"
"523 LONG SHORE DR B","Ann Arbor","MI"
"2429 SANDALWOOD CIR","Ann Arbor","MI"
"3168 Williamsburg Dr","Ann Arbor","MI"
"555 E WILLIAM ST 11J","Ann Arbor","MI"
"2329 SHADOWWOOD DR","Ann Arbor","MI"
"885 WICKFIELD CT","Ann Arbor","MI"
"911 BROWN ST","Ann Arbor","MI"
"408 WAY MARKET DR","Ann Arbor","MI"
"110 KENWOOD AVE","Ann Arbor","MI"
"423 S SEVENTH ST","Ann Arbor","MI"
"738 WAY MARKET DR","Ann Arbor","MI"
"1531 PACKARD ST 4","Ann Arbor","MI"
"3003 Williamsburg Dr","Ann Arbor","MI"
"3075 WHISPERWOOD DR","Ann Arbor","MI"
"2404 LESLIE CIR","Ann Arbor","MI"
"1741 BROADVIEW LN","Ann Arbor","MI"
"802 WWashington St","Ann Arbor","MI"
"2222 FULLER CT","Ann Arbor","MI"
"1000 W HURON ST C","Ann Arbor","MI"
"555 E WILLIAM ST 9K","Ann Arbor","MI"
"731 N MAPLE RD","Ann Arbor","MI"
"2008 MEDFORD RD","Ann Arbor","MI"
"1411 TRAVER ST","Ann Arbor","MI"
"943 MAIDEN LN","Ann Arbor","MI"
"2730 WINDWOOD DR","Ann Arbor","MI"
"1214 WLiberty St","Ann Arbor","MI"
"2355 LANCASHIRE DR","Ann Arbor","MI"
"555 E WILLIAM ST 19J","Ann Arbor","MI"
"117 HARBOR WAY","Ann Arbor","MI"
"2441 LANCASHIRE DR","Ann Arbor","MI"
"3039 LAKEHAVEN CT","Ann Arbor","MI"
"305 LAKE VILLAGE DR","Ann Arbor","MI"
"3279 PLATT RD","Ann Arbor","MI"
"555 E WILLIAM ST 4I","Ann Arbor","MI"
"3019 Williamsburg Dr","Ann Arbor","MI"
"705 N MAPLE RD","Ann Arbor","MI"
"555 E WILLIAM ST 2L","Ann Arbor","MI"
"441 WAYMARKET DR","Ann Arbor","MI"
"1801 Independence Blvd 1","Ann Arbor","MI"
"1265 SMaple Road","Ann Arbor","MI"
"621 S FOREST AV","Ann Arbor","MI"
"2825 WINDWOOD DR","Ann Arbor","MI"
"1843 LAKE LILA DR","Ann Arbor","MI"
"2523 PACKARD ST P","Ann Arbor","MI"
"133 EDENWOOD DR","Ann Arbor","MI"
"2285 Shadowood Dr","Ann Arbor","MI"
"703 N FIFTH AV","Ann Arbor","MI"
"337.5 THIRD ST","Ann Arbor","MI"
"403 S DIVISION ST","Ann Arbor","MI"
"3065 Williamsburg Dr","Ann Arbor","MI"
"2275 Shadowood Dr","Ann Arbor","MI"
"2367 SANDALWOOD CIR","Ann Arbor","MI"
"319 EWilliam St","Ann Arbor","MI"
"525 531 Long Shore Dr","Ann Arbor","MI"
"2415 SANDALWOOD CIR","Ann Arbor","MI"
"102 Longman La","Ann Arbor","MI"
"555 E WILLIAM ST 23C","Ann Arbor","MI"
"3 PARK VIEW PL","Ann Arbor","MI"
"3072 TURNBERRY LA","Ann Arbor","MI"
"2377 SANDALWOOD CIR","Ann Arbor","MI"
"2735 WINDWOOD DR","Ann Arbor","MI"
"824 MCKINLEY AVE","Ann Arbor","MI"
"555 E WILLIAM ST 8E","Ann Arbor","MI"
"1737 GREEN RD","Ann Arbor","MI"
"2824 RIDINGTON RD","Ann Arbor","MI"
"2563 SANDALWOOD CIR","Ann Arbor","MI"
"2423 SANDALWOOD CIR","Ann Arbor","MI"
"555 E WILLIAM ST 12F","Ann Arbor","MI"
"555 E WILLIAM ST 4H","Ann Arbor","MI"
"1414 SAUNDERS CRS","Ann Arbor","MI"
"555 E WILLIAM ST 16J","Ann Arbor","MI"
"2330 Shadowood Dr","Ann Arbor","MI"
"2495 LAURELWOOD CIR","Ann Arbor","MI"
"417 WWilliam St","Ann Arbor","MI"
"912 S FOREST AV","Ann Arbor","MI"
"1230 FAIR OAKS PKY","Ann Arbor","MI"
"2342 Shadowood Dr","Ann Arbor","MI"
"110 W KINGSLEY ST","Ann Arbor","MI"
"315 N STATE ST","Ann Arbor","MI"
"437 SAshley St","Ann Arbor","MI"
"1725 GREEN RD","Ann Arbor","MI"
"220 NFifth Ave","Ann Arbor","MI"
"555 E WILLIAM ST 3K","Ann Arbor","MI"
"555 E WILLIAM ST 15F","Ann Arbor","MI"
"859 WICKFIELD CT","Ann Arbor","MI"
"1528 PINE VALLEY BLV","Ann Arbor","MI"
"539 LONG SHORE DR","Ann Arbor","MI"
"2808 BEACON HILL ST","Ann Arbor","MI"
"2325 LESLIE CIR","Ann Arbor","MI"
"1120 W STADIUM BLV","Ann Arbor","MI"
"303 E MADISON ST","Ann Arbor","MI"
"2 PARK VIEW PL","Ann Arbor","MI"
"337 SAshley St","Ann Arbor","MI"
"722 N MAIN ST","Ann Arbor","MI"
"212 PINE RIDGE ST","Ann Arbor","MI"
"436 SMain St","Ann Arbor","MI"
"3015 WHISPERWOOD DR","Ann Arbor","MI"
"2702 HIKONE RD","Ann Arbor","MI"
"555 E WILLIAM ST 12E","Ann Arbor","MI"
"410 KELLOGG ST","Ann Arbor","MI"
"430 KELLOGG ST","Ann Arbor","MI"
"1940 W LIBERTY ST","Ann Arbor","MI"
"3575 GREEN BRIER BLVD","Ann Arbor","MI"
"2735 PONTIAC TRL","Ann Arbor","MI"
"555 E WILLIAM ST 16E","Ann Arbor","MI"
"1021 VAUGHN ST","Ann Arbor","MI"
"2009 TIBBITTS CT","Ann Arbor","MI"
"338 SAshley St","Ann Arbor","MI"
"531 LONG SHORE DR A","Ann Arbor","MI"
"2345 Shadowood Dr","Ann Arbor","MI"
"125 LAKE VILLAGE DR","Ann Arbor","MI"
"1116 NORMAN PL","Ann Arbor","MI"
"719 N MAPLE RD","Ann Arbor","MI"
"1856 STADIUM PL","Ann Arbor","MI"
"215 E MADISON ST","Ann Arbor","MI"
"1050 WALL ST 4E","Ann Arbor","MI"
"555 E WILLIAM ST 3B","Ann Arbor","MI"
"433 SAshley St","Ann Arbor","MI"
"415 SAshley St","Ann Arbor","MI"
"541 547 Long Shore Dr","Ann Arbor","MI"
"1113 MICHIGAN AVE","Ann Arbor","MI"
"3085 WHISPERWOOD DR","Ann Arbor","MI"
"3540 GREEN BRIER BLV","Ann Arbor","MI"
"1536 PINE VALLEY BLV","Ann Arbor","MI"
"2491 LAURELWOOD CIR","Ann Arbor","MI"
"1612 GREENVIEW DR","Ann Arbor","MI"
"240 LAKE VILLAGE DR","Ann Arbor","MI"
"2424 LESLIE CIR","Ann Arbor","MI"
"2190 W STADIUM BLVD","Ann Arbor","MI"
"2240 S STATE ST","Ann Arbor","MI"
"1072 ISLAND DR","Ann Arbor","MI"
"311 S FIFTH AVE","Ann Arbor","MI"
"3052 Nordman Road","Ann Arbor","MI"
"2443 SANDALWOOD CIR","Ann Arbor","MI"
"555 E WILLIAM ST 9A","Ann Arbor","MI"
"200 HURON VIEW BLV","Ann Arbor","MI"
"826 MT PLEASANT AV","Ann Arbor","MI"
"555 E WILLIAM ST 20L","Ann Arbor","MI"
"739 N MAPLE RD","Ann Arbor","MI"
"2246 DEXTER AV","Ann Arbor","MI"
"1548 PINE VALLEY BLV","Ann Arbor","MI"
"2459 SANDALWOOD CIR","Ann Arbor","MI"
"2311 SANDALWOOD CIR","Ann Arbor","MI"
"905 S FOREST AVE","Ann Arbor","MI"
"555 E WILLIAM ST 4B","Ann Arbor","MI"
"2765 BURTON RD","Ann Arbor","MI"
"320 E MADISON ST","Ann Arbor","MI"
"2293 SHADOWWOOD DR","Ann Arbor","MI"
"3510 PHEASANT RUN CIR","Ann Arbor","MI"
"2701 S SPURWAY DR","Ann Arbor","MI"
"555 E WILLIAM ST 18H","Ann Arbor","MI"
"438 WAY MARKET DR","Ann Arbor","MI"
"555 E WILLIAM ST 11I","Ann Arbor","MI"
"568 WAY MARKET DR","Ann Arbor","MI"
"555 E WILLIAM ST 3F","Ann Arbor","MI"
"2804 BEACON HILL ST","Ann Arbor","MI"
"2309 SHELBY AVE","Ann Arbor","MI"
"2363 SANDALWOOD CIR","Ann Arbor","MI"
"1606 LONG SHORE DR","Ann Arbor","MI"
"231 S SEVENTH ST","Ann Arbor","MI"
"121 E HOOVER AV","Ann Arbor","MI"
"1839 SHIRLEY LN","Ann Arbor","MI"
"1407 MORTON AVE","Ann Arbor","MI"
"419 LONG SHORE DR","Ann Arbor","MI"
"2433 SANDALWOOD CIR","Ann Arbor","MI"
"555 E WILLIAM ST 6A","Ann Arbor","MI"
"535 LONG SHORE DR A","Ann Arbor","MI"
"869 WICKFIELD CT","Ann Arbor","MI"
"214 N FIRST ST","Ann Arbor","MI"
"502 E MADISON ST","Ann Arbor","MI"
"555 E WILLIAM ST 19B","Ann Arbor","MI"
"1104 CATHERINE ST","Ann Arbor","MI"
"3965 S STATE ST","Ann Arbor","MI"
"2323 SHADOWOOD DR","Ann Arbor","MI"
"1325 S UNIVERSITY AVE","Ann Arbor","MI"
"316 BEAKES ST","Ann Arbor","MI"
"1500 PAULINE BLVD E","Ann Arbor","MI"
"616 MONROE ST","Ann Arbor","MI"
"607 W MADISON ST","Ann Arbor","MI"
"3162 Williamsburg Dr","Ann Arbor","MI"
"1086 ISLAND DR","Ann Arbor","MI"
